{
  "sources": [
    {
      "data": {
        "link": "s3://mybucket/myfile.txt",
        "dataset": "mydataset"
      },
      "viewer_state": {
        "color": 16714241,
        "transformation": [
          0.9999999999999999,
          0,
          0,
          0,
          0,
          0.9999999999999999,
          0,
          0,
          0,
          0,
          0.9999999999999999,
          0,
          0,
          0,
          0,
          1
        ],
        "range": [
          0,
          1
        ]
      }
    }
  ],
  "viewer_transformation": [
    0.9999999999999999,
    0,
    0,
    0,
    0,
    0.9999999999999999,
    0,
    0,
    0,
    0,
    0.9999999999999999,
    0,
    0,
    0,
    0,
    1
  ],
}